Product Name,Price
Menow Make Up Set Palette Professional 78 Colors Multicolour,325.0
Cybele eye concealer caramel 02 - 2.5gm,140.0
Revolution Powder Loose Translucent Baking Powder,392.0
New Matic Lipstick Pencil Pro 6 Pcs 6 Colors - Collection 2,189.0
Essence baby got blush 30,320.0
SHEGLAM Makeup - Good Grip Hydrating Primer - Long-Lasting Hold,537.0
Maybelline New York Super Stay Vinyl Ink 35 Cheeky 5.4 ML,666.0
Maybelline New York Black Mascara for Extremely Long Eyelashes Lash Sensational Sky High Mascara Very Black 7.2ml,523.0
Maybelline New York Fit Me Matte + Poreless FOUNDATION-110 porcelain,375.0
"BB Blemish Balm Cream Pro, Light Coverage Foundation, 40ml, Shade #1",109.0
Essentials lip gloss temptation - sweet candy,220.0
"SHEGLAM Buttery Bliss Blush Stick, Dewy Cream Blush Guava Juice",355.0
"Maybelline New York Maybelline express brow fast sculpt eyebrow gel, shapes and colours eyebrows, all day hold mascara, 04 medium brown, 2.8 ml",284.0
"Maybelline New York Fit Me Matte and Poreless Compact Face Powder - 115, Ivory",350.0
"Showay makeup organizer, 360 degree rotating adjustable cosmetic storage display case with 8 layers large capacity, fits jewelry,makeup brushes, lipsticks and more, clear transparent",234.0
"Rimmel London, Scandaleyes Waterproof Kohl Kajal Pencil Eyeliner, 01 Black, 1.3g",221.0
SHEGLAM Buttery Bliss Blush Stick-Rose Ritual,333.0
Menow Eyebrow Powder Makeup Kit Long Lasting With Brush - 4.2g -02,79.0
Menow Contour Cream Palette 18g - 15 Colors - 01,99.0
Ciao Lip satin Lipstick-06,50.0
Sheglam Concealer 12H Full Coverage NO.SAND,258.0
"Last Look Long Lasting Glowing Blush Jelly Stick, Purple",89.0
Cybele Rich Cream Lipstick Chick Look 115 - 5gm,145.0
Might Cinema Extreme Highlight-4 Color,172.0
Pillow Cushion Liquid Blusher - 102,87.0
Rimmel London Brow This Way Highlighting Pencil - Gold Shimmer,127.0
SHEGLAM ALL IN ONE VOLUME & LENGTH MASCARA WATERPROOF NO.BLACK,350.0
essence dip eyeliner waterproof 24h long-lasting 01,220.0
"Maybelline New York Lip Colour, Smudge-free, Long Lasting up to 16h, Liquid Lipstick, Shine Finish, SuperStay Vinyl Ink, 40 Witty",530.0
CYBELE MATTE LIPSTICK N.319 magnetic mahogany,200.0
"weallbuy Clear Toiletry Bag, 3 PCS Makeup Cosmetic Bag Transparent Travel Wash Bag for Women and Girls",179.0
Maybelline New York Fit Me Concealer - Sand 20,289.0
Menow Lash Doubling Mascara Pro 6.5ml - 01 Black,99.0
"Maybelline New York Sunkisser Liquid Glow Blush With Vitamin E, 05 Blazing Blush",371.0
Eva makeup remover collagen for eyes and lips 150ml,208.0
Maybelline New York Fit Me Concealer - Fair 15,451.0
SHEGLAM Insta-Ready Face & Under Eye Setting Powder Duo,462.0
Maybelline New York Fit Me Matte + Poreless – 120 CLASSIC IVORY,460.0
Last Look 5 in 1 Concealer Colorstay 24hr - 101 Beige,99.0
"Maybelline New York Lifter Lip Gloss, 005 Petal",365.0
essence Baby Got Glow Liquid Highlighter 30,345.0
Carlla Rose Contour Powder & Creamy Palette 2 in 1-18 Color,198.0
Dior Dior Addict Lip Sugar Scrub 001 Backstage Pros,
"L'Oréal Paris Infaillible More Than Concealer 325 Bisque- Waterproof, Full Coverage",489.0
Maybelline New York Fit Me Matte + Poreless – 112 Soft Beige,318.0
Cybele smooth n`wear powder blush cuivre 06 - 3.7gm,240.0
"SHEGLAM Playing Cupid Cream Blush, 3.6g",224.0
Cybele Smooth N`Wear Powder Blush Corail 17 - 3.7gm,240.0
"Makeup and Perfume Organizer, 7 Layers Adjustable Rotating Clear Acrylic Crystal (Large)",499.0
"Perfume Makeup Storage Organizer, Cosmetic Organizer with Lid, Makeup Box for Bedroom, Dresser and Bathroom Dustproof and Waterproof (Mint green))",
"BOLEITUN Rare Blush for Beauty for Selena Gomez Soft Pinch Liquid Blush Hope 0.25 fl.oz, COOL PINK",
"Hermania Foldable Eyelash Separator Comb Mascara Declumper Eye Tool with Cover (Foldable with Spoolie, Pink)",290.0
"Orglam . (Purple Iridescent face Highlighter, 7ml)",105.0
"Sheglam Sun Sculpt Liquid Contour 5.2 ml, Soft Tan",265.0
Essentials Blush Stick - Red Blossom 5ml,120.0
essence NATURAL MATTE MOUSSE FOUNDATION 04,252.0
"Might Cinema Professional Eyeshadow Palette, 80 Colours, Matte and Shimmer Shades",349.0
Sheglam Lunar Orbit Blush Ball Adorn 6g,362.0
Sephora Wonderful Cushion Natural Glow Face Luminizer 20ML,351.0
"Sheglam Pout-Perfect Shiny Lip Gloss & Plumper, Pink Flamingo",398.0
"L'Oréal Paris Infaillible 24H Fresh Wear Foundation in a Powder - Waterproof, Full Matte Coverage Transferproof Makeup - 20 Ivory",599.0
Sheglam Lip Dazzler DEBUTANTE Glitter Kit Brush,575.0
Orglam Rossey Shimmering Highlighter Stick (Natural) (vitamin E rich),85.0
"Makeup Palette,Eyeshadow & Highlighter & Blush & Contouring,5-Layer Book-Style Foldable Makeup Palette Set,Matte Glitter Metallic Shimmer, Highly Pigmented Long Lasting Make Up Pallet",
"Makeup Palette,Eyeshadow & Highlighter & Blush & Contouring,4-Layer Book-Style Foldable Makeup Palette Set,Matte Glitter Metallic Shimmer, Highly Pigmented Long Lasting Make Up Pallet(43 Colors)",
Shiglam Blush Glass Glow - Brisk Babe,444.0
L’Oréal Paris Glow Paradise Lipstick 191 Nude Heaven,589.0
L'Oréal Paris Voluminous Paradise Mascara - Black 3,550.0
"Beauty beast Moisturizing Lipgloss Set 6PCS Smooth Hydrating Lip Gloss Neutral Nude Nourishing Glossy Lipgloss for Women and Girls (MZ-CC6SETB-BB, Compact)",449.0
"SHEGLAM Matte Allure Private Tourl Liquid Lipstick Set, 3 Pieces",418.0
SHEGLAM Complexion Boost Concealer - With Sponge-head Applicator - High-coverage Formula (Fair),397.0
Might Cinema Lasting Shine Magic Lip Gloss,100.0
"Maybelline New York Sunkisser Liquid Glow Blush With Vitamin E, 06 City Sizzle",445.0
Sheglam Mascara Fluteur Wink,298.0
Sheglam Lunar Orbit Blush Bull Delight,317.0
Essence kajal pencil 01,
"Might Cinema - Foundation, Body Foundation With Sunscreen, 75SPF, Model - 4052 (104, 110gm)",185.0
"NYX PROFESSIONAL MAKEUP Jumbo Eye Pencil, Eyeshadow & Eyeliner Pencil - Milk",413.0
"L’Oréal Paris Telescopic Lift Mascara, Long Lasting Lifting up to 36 Hours, Visibly More Eyelash Length, No Clumping, No Smudging & No Crumbs, Extra Black",620.0
Note LUMINOUS MOISTURIZING FOUNDATION 01 TUBE,330.0
Maybelline New York Fit Me Matte + Poreless – 115 Ivory,365.0
Might Cinema MAKE UP FIXER SPRAY,229.0
sheglam colour bloom liquid devoted,276.0
"Sheglam color liquid blush, 101 love cake - 5.2ml",
Maybelline New York Fit Me Matte + Poreless -128 WARM NUDE - 30 ml,317.0
Maybelline New York Fit Me Matte + Poreless -118 Nude - 30ml,350.0
Maybelline New York Fit Me Matte + Poreless – 102 Fair Ivory,365.0
Golden Rose Creamy Blush Stick No.109,419.0
Orglam Golden Copper Shimmering Highlighter Stick (Natural) (vitamin E rich),85.0
"Orglam . (Purple Iridescent face Highlighter, 14ml)",150.0
"COMPACT Powder WATERPRROF, Lightweight, Tinted, Long Lasting, Blurs Imperfections, Smooths Fine Lines, Controls Shine, Sets Makeup-N3",249.0
Menow New Smoothing and Brightening Highlighter Palette 4 Colour Set,98.0
"Might Cinema - Highlighter Powder, Face & Body, With Sponge, Model - 4099 (104)",155.0
Sheglam Multi glam face pen - Mocha,339.0
"Makeup Revolution Relove Colour Play Contour Trio Palette, Sugar",196.0
essence Lash Brow Gel Mascara,
"Orglam . (rose Iridescent face Highlighter, 7ml)",105.0
Essence fix & LAST 14h make-up LOOSE POWDER,347.0
Amanda Milano Nude Look Loose Powder number 2,
Golden Rose - Strobe illuminating palette,562.0
Sheglam Glam 101 Hybrid Highliter & Blush Duo No.St.Seville,290.0
Might Cinema Double Face Contour Palette - 2 Colors - 102 - Semi-Matte - Neutral,175.0
Last Look 5-in-1 Concealer Colorstay 24hr - 104 Beige,99.0
Orglam Transparent white Shimmering Highlighter Stick (Natural) (vitamin E rich),85.0
"L'Oréal Paris Infaillible 24H Fresh Wear Foundation in a Powder - Waterproof, Full Matte Coverage Transferproof Makeup - 130 True Beige",635.0
Sheglam Concealer 12H Full Coverage NO.SHELL,299.0
Revolution Beauty London Baking Powder Banana Light Powder 32 G,430.0
Maybelline New York Tattoo Brow 36H No.7 Deep Brown Eyebrow Pencil 36H Waterproof with Integrated Brush,325.0
Essence CHOOSE YOUR Glow highlight. palette,446.0
"e.l.f. Power Grip Primer, Gel-Based & Hydrating Face Primer For Smoothing Skin & Gripping Makeup, Moisturizes & Primes, 0.811 Fl Oz (24 ml)",
"SHEGLAM - Jelly Wow Hydrating Lip Oil with Glitter, Nourishing Formula, Pink Shade (Princess Vibes, 5g)",400.0
essence BABY GOT GLOW liquid highlighter 10 ...,499.0
"fashion mania 4 in 1 Makeup Pen, Eye Liner, Brow Liner, Lip Liner, Highlighter Pen, All in One Waterproof Long-Lasting Multi-function Beauty Pencil, Facial Makeup Easy Carry Cosmetic for Wedding Party",454.0
Luna - Ultimate Lip & Mascara Set,642.0
Cybele outwear long lasting foundation - 30 ml - porcelain 07,380.0
CYBELE Shine Appeal Lip Color No. 4 Candy Rose,199.0
"Luna 3d blusher, 4.5 grams - 512",158.0
Yves Saint Laurent Rouge Pur Couture N11 Brun Caftan,
"Orglam . (Green Iridescent face Highlighter, 14ml)",150.0
"NYX Professional Makeup Lip Gloss, High Pigment, Long Lasting Lip Shine, No Transfer, Shine Loud, 04 Life Goals",727.0
"L'Oréal Paris Infaillible 24H Fresh Wear Foundation in a Powder - Waterproof, Full Matte Coverage Transferproof Makeup - 140 Golden Beige",649.0
Sheglam Divine Flush Matte Blush Let’s Escape 8.0g,400.0
SHEGLAM Color Bloom Liquid Blush-petal talk,315.0
"Essence Crush! Blush 5 g, 70 Berry Blush",327.0
Ciao Lipsatin Lipstick-20,50.0
SHEGLAM Complexion Boost Concealer - With Sponge-head Applicator - High-coverage Formula (Sand),365.0
Note Cosmetique Baked Highlighter 02 Sun Kiss,386.0
"Orglam . (Gold Iridescent face Highlighter, 7ml)",105.0
"NYX PROFESSIONAL MAKEUP Micro Brow Pencil, Precise Eyebrow Pencil - Auburn",399.0
Flormar Extreme Tattoo Gel Pencil 12 Blue Dream,329.0
Eva Skin Clinic Acne-Prone Corrector + Concealer 2 × 6 ml,181.0
"Sheglam Like Magic Full Coverage Concealer, Chantilly",350.0
"Rose Gold - Blusher, Liquid Blusher & Cheek, Easy Blend, Lightweight Formula, Super Stay, Model - RG-162 (006, 11 ML)",110.0
SHEGLAM Rose Ritual - Color Blossom Liquid Blush,330.0
"SHEGLAM Ember Rose Eternal Flame Cream Blush (Soulmate, one-size)",367.0
Maybelline New York Fit Me Luminous + Smooth Primer,
"Avon Prep & Set Spray, 125ml",370.0
"Elizabeth Helen Make Up Fixer, 150Ml - 2724724430124",235.0
MIGHT CINEMA Liquid Blusher Waterproof - 103 Pink,295.0
"Luna blusher - number 504, 4.5 gm",158.0
Cybele desire lipstick pencil wine 06,220.0
